lower_threshold,lower_inclusive,upper_inclusive,present_correct,present_wrong_selection,present_rejected,unreviewed_selections,absent_rejected,absent_false_accepts,present_accuracy_percent,absent_rejection_percent,overall_correct,overall_accuracy_percent,overall_lower_percent,overall_upper_percent,target_confirmed
0.0,True,0.1175699308514595,60,3,0,0,0,9,95.23809523809524,0.0,60,83.33333333333333,83.33333333333333,83.33333333333333,False
0.1175699308514595,False,0.18803837895393372,60,3,0,0,1,8,95.23809523809524,11.11111111111111,61,84.72222222222223,84.72222222222223,84.72222222222223,False
0.18803837895393372,False,0.20826086401939392,59,3,1,0,1,8,93.65079365079364,11.11111111111111,60,83.33333333333333,83.33333333333333,83.33333333333333,False
0.20826086401939392,False,0.21190448105335236,59,2,2,0,1,8,93.65079365079364,11.11111111111111,60,83.33333333333333,83.33333333333333,83.33333333333333,False
0.21190448105335236,False,0.2646927833557129,59,2,2,0,2,7,93.65079365079364,22.22222222222222,61,84.72222222222223,84.72222222222223,84.72222222222223,False
0.2646927833557129,False,0.27165690064430237,59,2,2,0,3,6,93.65079365079364,33.333333333333336,62,86.11111111111111,86.11111111111111,86.11111111111111,False
0.27165690064430237,False,0.3095349371433258,59,2,2,0,4,5,93.65079365079364,44.44444444444444,63,87.5,87.5,87.5,False
0.3095349371433258,False,0.31559574604034424,59,2,2,0,5,4,93.65079365079364,55.55555555555556,64,88.88888888888889,88.88888888888889,88.88888888888889,False
0.31559574604034424,False,0.34317025542259216,58,2,3,0,5,4,92.06349206349206,55.55555555555556,63,87.5,87.5,87.5,False
0.34317025542259216,False,0.34849417209625244,58,2,3,0,6,3,92.06349206349206,66.66666666666667,64,88.88888888888889,88.88888888888889,88.88888888888889,False
0.34849417209625244,False,0.35584306716918945,58,2,3,0,7,2,92.06349206349206,77.77777777777777,65,90.27777777777777,90.27777777777777,90.27777777777777,True
0.35584306716918945,False,0.3635619878768921,57,2,4,0,7,2,90.47619047619048,77.77777777777777,64,88.88888888888889,88.88888888888889,88.88888888888889,True
0.3635619878768921,False,0.38097816705703735,56,2,5,0,7,2,88.88888888888889,77.77777777777777,63,87.5,87.5,87.5,True
0.38097816705703735,False,0.38697168231010437,55,2,6,0,7,2,87.3015873015873,77.77777777777777,62,86.11111111111111,86.11111111111111,86.11111111111111,True
0.38697168231010437,False,0.3887917101383209,54,2,7,0,7,2,85.71428571428571,77.77777777777777,61,84.72222222222223,84.72222222222223,84.72222222222223,False
0.3887917101383209,False,0.39436158537864685,53,2,8,0,7,2,84.12698412698413,77.77777777777777,60,83.33333333333333,83.33333333333333,83.33333333333333,False
0.39436158537864685,False,0.4007193446159363,52,2,9,0,7,2,82.53968253968254,77.77777777777777,59,81.94444444444444,81.94444444444444,81.94444444444444,False
0.4007193446159363,False,0.4165295958518982,51,2,10,0,7,2,80.95238095238095,77.77777777777777,58,80.55555555555556,80.55555555555556,80.55555555555556,False
0.4165295958518982,False,0.42898887395858765,51,1,11,0,7,2,80.95238095238095,77.77777777777777,58,80.55555555555556,80.55555555555556,80.55555555555556,False
0.42898887395858765,False,0.4379303753376007,50,1,12,0,7,2,79.36507936507937,77.77777777777777,57,79.16666666666667,79.16666666666667,79.16666666666667,False
0.4379303753376007,False,0.4413820207118988,49,1,13,0,7,2,77.77777777777777,77.77777777777777,56,77.77777777777777,77.77777777777777,77.77777777777777,False
0.4413820207118988,False,0.4728775918483734,48,1,14,0,7,2,76.19047619047619,77.77777777777777,55,76.38888888888889,76.38888888888889,76.38888888888889,False
0.4728775918483734,False,0.47368648648262024,47,1,15,0,7,2,74.60317460317461,77.77777777777777,54,75.0,75.0,75.0,False
0.47368648648262024,False,0.4775560796260834,46,1,16,0,7,2,73.01587301587301,77.77777777777777,53,73.61111111111111,73.61111111111111,73.61111111111111,False
0.4775560796260834,False,0.48222672939300537,45,1,17,0,7,2,71.42857142857143,77.77777777777777,52,72.22222222222223,72.22222222222223,72.22222222222223,False
0.48222672939300537,False,0.4893479347229004,44,1,18,0,7,2,69.84126984126983,77.77777777777777,51,70.83333333333333,70.83333333333333,70.83333333333333,False
0.4893479347229004,False,0.4939245879650116,43,1,19,0,7,2,68.25396825396825,77.77777777777777,50,69.44444444444444,69.44444444444444,69.44444444444444,False
0.4939245879650116,False,0.5271643400192261,42,1,20,0,7,2,66.66666666666667,77.77777777777777,49,68.05555555555556,68.05555555555556,68.05555555555556,False
0.5271643400192261,False,0.5375277400016785,42,1,20,0,8,1,66.66666666666667,88.88888888888889,50,69.44444444444444,69.44444444444444,69.44444444444444,False
0.5375277400016785,False,0.5463142395019531,41,1,21,0,8,1,65.07936507936508,88.88888888888889,49,68.05555555555556,68.05555555555556,68.05555555555556,False
0.5463142395019531,False,0.5784648656845093,41,0,22,0,8,1,65.07936507936508,88.88888888888889,49,68.05555555555556,68.05555555555556,68.05555555555556,False
0.5784648656845093,False,0.5824006199836731,41,0,22,0,9,0,65.07936507936508,100.0,50,69.44444444444444,69.44444444444444,69.44444444444444,False
0.5824006199836731,False,0.5947245955467224,40,0,23,0,9,0,63.492063492063494,100.0,49,68.05555555555556,68.05555555555556,68.05555555555556,False
0.5947245955467224,False,0.5967497229576111,39,0,24,0,9,0,61.904761904761905,100.0,48,66.66666666666667,66.66666666666667,66.66666666666667,False
0.5967497229576111,False,0.6016408801078796,38,0,25,0,9,0,60.317460317460316,100.0,47,65.27777777777777,65.27777777777777,65.27777777777777,False
0.6016408801078796,False,0.6409398317337036,37,0,26,0,9,0,58.73015873015873,100.0,46,63.888888888888886,63.888888888888886,63.888888888888886,False
0.6409398317337036,False,0.642561674118042,36,0,27,0,9,0,57.142857142857146,100.0,45,62.5,62.5,62.5,False
0.642561674118042,False,0.6492123007774353,35,0,28,0,9,0,55.55555555555556,100.0,44,61.111111111111114,61.111111111111114,61.111111111111114,False
0.6492123007774353,False,0.6831173896789551,34,0,29,0,9,0,53.96825396825397,100.0,43,59.72222222222222,59.72222222222222,59.72222222222222,False
0.6831173896789551,False,0.6904717683792114,33,0,30,0,9,0,52.38095238095238,100.0,42,58.333333333333336,58.333333333333336,58.333333333333336,False
0.6904717683792114,False,0.6914406418800354,32,0,31,0,9,0,50.79365079365079,100.0,41,56.94444444444444,56.94444444444444,56.94444444444444,False
0.6914406418800354,False,0.7031881213188171,31,0,32,0,9,0,49.20634920634921,100.0,40,55.55555555555556,55.55555555555556,55.55555555555556,False
0.7031881213188171,False,0.7051465511322021,30,0,33,0,9,0,47.61904761904762,100.0,39,54.166666666666664,54.166666666666664,54.166666666666664,False
0.7051465511322021,False,0.7180770039558411,29,0,34,0,9,0,46.03174603174603,100.0,38,52.77777777777778,52.77777777777778,52.77777777777778,False
0.7180770039558411,False,0.7690891027450562,28,0,35,0,9,0,44.44444444444444,100.0,37,51.388888888888886,51.388888888888886,51.388888888888886,False
0.7690891027450562,False,0.7708199620246887,27,0,36,0,9,0,42.857142857142854,100.0,36,50.0,50.0,50.0,False
0.7708199620246887,False,0.7715930938720703,26,0,37,0,9,0,41.26984126984127,100.0,35,48.611111111111114,48.611111111111114,48.611111111111114,False
0.7715930938720703,False,0.7720949649810791,25,0,38,0,9,0,39.682539682539684,100.0,34,47.22222222222222,47.22222222222222,47.22222222222222,False
0.7720949649810791,False,0.778569757938385,24,0,39,0,9,0,38.095238095238095,100.0,33,45.833333333333336,45.833333333333336,45.833333333333336,False
0.778569757938385,False,0.7812227606773376,23,0,40,0,9,0,36.507936507936506,100.0,32,44.44444444444444,44.44444444444444,44.44444444444444,False
0.7812227606773376,False,0.7822116017341614,22,0,41,0,9,0,34.92063492063492,100.0,31,43.05555555555556,43.05555555555556,43.05555555555556,False
0.7822116017341614,False,0.784758985042572,21,0,42,0,9,0,33.333333333333336,100.0,30,41.666666666666664,41.666666666666664,41.666666666666664,False
0.784758985042572,False,0.7911633253097534,20,0,43,0,9,0,31.746031746031747,100.0,29,40.27777777777778,40.27777777777778,40.27777777777778,False
0.7911633253097534,False,0.8010328412055969,19,0,44,0,9,0,30.158730158730158,100.0,28,38.888888888888886,38.888888888888886,38.888888888888886,False
0.8010328412055969,False,0.8175323605537415,18,0,45,0,9,0,28.571428571428573,100.0,27,37.5,37.5,37.5,False
0.8175323605537415,False,0.8316866755485535,17,0,46,0,9,0,26.984126984126984,100.0,26,36.111111111111114,36.111111111111114,36.111111111111114,False
0.8316866755485535,False,0.8384943008422852,16,0,47,0,9,0,25.396825396825395,100.0,25,34.72222222222222,34.72222222222222,34.72222222222222,False
0.8384943008422852,False,0.8398587107658386,15,0,48,0,9,0,23.80952380952381,100.0,24,33.333333333333336,33.333333333333336,33.333333333333336,False
0.8398587107658386,False,0.8523852825164795,14,0,49,0,9,0,22.22222222222222,100.0,23,31.944444444444443,31.944444444444443,31.944444444444443,False
0.8523852825164795,False,0.8878313302993774,13,0,50,0,9,0,20.634920634920636,100.0,22,30.555555555555557,30.555555555555557,30.555555555555557,False
0.8878313302993774,False,0.89349764585495,12,0,51,0,9,0,19.047619047619047,100.0,21,29.166666666666668,29.166666666666668,29.166666666666668,False
0.89349764585495,False,0.8946208357810974,11,0,52,0,9,0,17.46031746031746,100.0,20,27.77777777777778,27.77777777777778,27.77777777777778,False
0.8946208357810974,False,0.8956970572471619,10,0,53,0,9,0,15.873015873015873,100.0,19,26.38888888888889,26.38888888888889,26.38888888888889,False
0.8956970572471619,False,0.9181249141693115,9,0,54,0,9,0,14.285714285714286,100.0,18,25.0,25.0,25.0,False
0.9181249141693115,False,0.9460432529449463,8,0,55,0,9,0,12.698412698412698,100.0,17,23.61111111111111,23.61111111111111,23.61111111111111,False
0.9460432529449463,False,0.959014892578125,7,0,56,0,9,0,11.11111111111111,100.0,16,22.22222222222222,22.22222222222222,22.22222222222222,False
0.959014892578125,False,0.9705531001091003,6,0,57,0,9,0,9.523809523809524,100.0,15,20.833333333333332,20.833333333333332,20.833333333333332,False
0.9705531001091003,False,0.9724374413490295,5,0,58,0,9,0,7.936507936507937,100.0,14,19.444444444444443,19.444444444444443,19.444444444444443,False
0.9724374413490295,False,0.9866458177566528,4,0,59,0,9,0,6.349206349206349,100.0,13,18.055555555555557,18.055555555555557,18.055555555555557,False
0.9866458177566528,False,0.9872265458106995,3,0,60,0,9,0,4.761904761904762,100.0,12,16.666666666666668,16.666666666666668,16.666666666666668,False
0.9872265458106995,False,0.9939290285110474,2,0,61,0,9,0,3.1746031746031744,100.0,11,15.277777777777779,15.277777777777779,15.277777777777779,False
0.9939290285110474,False,0.994512677192688,1,0,62,0,9,0,1.5873015873015872,100.0,10,13.88888888888889,13.88888888888889,13.88888888888889,False
0.994512677192688,False,1.0,0,0,63,0,9,0,0.0,100.0,9,12.5,12.5,12.5,False
