case_id,case_index,material,object_id,candidate_id,candidate_family,selected_for_major,selected_for_minor,candidate_p0_x,candidate_p0_y,candidate_direction_x,candidate_direction_y,candidate_endpoint1_x,candidate_endpoint1_y,candidate_endpoint2_x,candidate_endpoint2_y,candidate_path_length_px_from_csv,mask_path_length_px_recomputed,mask_path_length_mm,strip_depth_path_length_mm,strip_depth_valid,strip_depth_failure_reason,strip_depth_num_supported_points,strip_depth_valid_depth_fraction,strip_depth_depth_median_mm,strip_depth_lower_endpoint_or_quantile_mm,strip_depth_upper_endpoint_or_quantile_mm,depth_endpoint_mode,depth_lower_quantile,depth_upper_quantile,depth_support_projected_lower,depth_support_projected_upper,depth_support_projected_span_mm,manual_major_selected,manual_minor_selected
case_001_1,1,timber,1,A1,pipeline_major,False,False,518.0576441917456,356.32024784681107,0.00796786344887534,0.9999682560721916,517.615427770333,300.82200963480443,518.4998606131581,411.8184860588177,111.00000000000001,111.00000000000001,37.87062517848188,37.92732537518657,True,,9184,0.9293582617483578,310.0,-18.28914011409356,19.67095688012234,percentile,0.0025,0.9975,-18.28914011409356,19.67095688012234,37.9600969942159,,
case_001_1,1,timber,1,A2,pipeline_major,True,False,665.2522583007812,355.64739990234375,0.007967863448875916,0.9999682560721915,664.8140258110931,300.6491458183732,665.6904907904694,410.6456539863143,110.00000000000003,110.00000000000003,37.529448375072135,36.421765257548465,True,,9122,0.9371833839918946,311.0,-17.478591183074975,18.921353345019853,percentile,0.0025,0.9975,-17.478591183074975,18.921353345019853,36.39994452809483,38.0,
case_001_1,1,timber,1,A3,pipeline_major,False,False,812.4508563415413,355.4745360859125,0.007967863448874884,0.9999682560721915,812.0126238518533,300.47628200194197,812.8890888312295,410.47279016988307,110.00000000000003,110.00000000000003,37.52944837507223,26.284565545929237,True,,6401,0.7028646891507517,312.0,-6.977842644157465,19.0426547972963,percentile,0.0025,0.9975,-6.977842644157465,19.0426547972963,26.020497441453767,,
case_001_1,1,timber,1,A4,pipeline_minor,False,False,664.4672635221037,319.8824973424072,-0.9999682560721915,0.00796786344887562,893.9599782906716,318.0538726808902,434.97454875353577,321.7111220039241,458.99999999999994,458.99999999999994,156.62010678143886,157.97292992666343,True,,31487,0.8278137356133679,310.0,-80.39846119251058,77.58810489717628,percentile,0.0025,0.9975,-80.39846119251058,77.58810489717628,157.98656608968687,,
case_001_1,1,timber,1,A5,pipeline_minor,False,True,665.2522583007812,355.64739990234375,-0.9999682560721916,0.007967863448875635,894.2449889413131,353.82275917255123,436.2595276602494,357.47204063213627,457.99999999999994,457.99999999999994,156.2788865052258,158.3840585258702,True,,38944,0.972713717693837,311.0,-80.67412588515077,77.73240399978887,percentile,0.0025,0.9975,-80.67412588515077,77.73240399978887,158.40652988493963,,156.5
case_001_1,1,timber,1,A6,pipeline_minor,False,False,665.0372848233866,391.42027032572923,-0.9999682560721916,0.00796786344887565,893.5300313358823,389.5996135276611,436.5445383108908,393.2409271237973,456.99999999999994,456.99999999999994,155.9376662290143,158.05644729562147,True,,37264,0.9618602547674682,312.0,-80.02177921966825,77.88607516831529,percentile,0.0025,0.9975,-80.02177921966825,77.88607516831529,157.90785438798355,,
case_002_2,2,timber,2,A1,pipeline_major,False,False,478.3887369974542,252.17304470319345,0.9994449125807262,-0.033314662185056576,425.9178790869661,253.92206446790894,530.8595949079423,250.424024938478,104.99999999999999,104.99999999999999,50.45889826725134,39.89355566890722,True,,6850,0.7665821715251373,293.0,-12.19357885541682,27.604010458128066,percentile,0.0025,0.9975,-12.19357885541682,27.604010458128066,39.79758931354488,,
case_002_2,2,timber,2,A2,pipeline_major,True,False,477.7121858351966,201.8595938896106,0.9994449125807262,-0.033314662185056576,425.24132792470846,203.60861365432606,530.1830437456847,200.11057412489512,104.99999999999999,104.99999999999999,50.458898267252806,39.42274882752163,True,,6931,0.7628571428571429,292.0,-12.667449234297697,26.624681328683756,percentile,0.0025,0.9975,-12.667449234297697,26.624681328683756,39.292130562981455,37.5,
case_002_2,2,timber,2,A3,pipeline_major,False,False,475.0367448477775,151.61277240039783,0.9994449125807262,-0.033314662185056576,422.5658869372894,153.36179216511331,527.5076027582656,149.86375263568237,104.99999999999999,104.99999999999999,50.45889826725136,38.090144753903004,True,,5966,0.6743372216330858,291.0,-11.060097991288693,26.85581428245121,percentile,0.0025,0.9975,-11.060097991288693,26.85581428245121,37.9159122737399,,
case_002_2,2,timber,2,A4,pipeline_minor,False,False,442.99515559182043,203.51710008507354,0.0333146621850566,0.9994449125807262,440.57984258340383,131.0573439229709,445.41046860023704,275.9768562471762,145.00000000000003,145.00000000000003,69.67248126206916,69.59793722894509,True,,3314,0.3269202198781756,292.0,-32.05481264668241,37.53107505301761,percentile,0.0025,0.9975,-32.05481264668241,37.53107505301761,69.58588769970001,,
case_002_2,2,timber,2,A5,pipeline_minor,False,False,477.2291207099988,202.37597367699348,0.033314662185056285,0.9994449125807261,474.64723439065693,124.91899295198719,479.81100702934066,279.83295440199976,155.0,155.0,74.47747996979805,68.29531181348078,True,,11921,0.8879160636758321,292.0,-31.03438658744707,37.49439432104815,percentile,0.0025,0.9975,-31.03438658744707,37.49439432104815,68.52878090849522,,
case_002_2,2,timber,2,A6,pipeline_minor,False,True,511.4464284970845,200.73512481262307,0.03331466218505614,0.9994449125807262,508.8478848466502,122.77842163132642,514.0449721475189,278.69182799391973,156.00000000000003,156.00000000000003,74.95797984057096,73.9795472439957,True,,12697,0.9645285249778304,291.0,-36.13652410552299,38.13013326609893,percentile,0.0025,0.9975,-36.13652410552299,38.13013326609893,74.26665737162192,,75.1
case_003_3,3,timber,3,A1,pipeline_major,False,False,363.64064315279353,434.51832809035625,0.312598621022717,0.9498853099899459,346.4477189965441,382.27463604090923,380.83356730904296,486.76202013980327,109.99999999999999,109.99999999999999,37.40924047614827,37.60231026263998,True,,9280,0.9297735924664396,310.0,-17.506117638525513,20.11385019120948,percentile,0.0025,0.9975,-17.506117638525513,20.11385019120948,37.619967829734996,,
case_003_3,3,timber,3,A2,pipeline_major,False,False,486.4617776192945,395.15176786102745,0.3125986210227165,0.949885309989946,469.26885346304505,342.90807581158043,503.65470177554386,447.3954599104745,109.99999999999997,109.99999999999997,37.40924047614851,38.22248461267463,True,,9395,0.9405345880468515,311.0,-18.38095940266431,19.814092210136735,percentile,0.0025,0.9975,-18.38095940266431,19.814092210136735,38.195051612801045,,
case_003_3,3,timber,3,A3,pipeline_major,True,False,609.1266127752841,355.31026497670365,0.3125986210227166,0.949885309989946,592.089987929546,303.5415155822516,626.1632376210222,407.0790143711557,109.00000000000003,109.00000000000003,37.06915647181973,37.82268579611199,True,,9332,0.9340406365729156,310.0,-18.2021228113762,19.549497353618634,percentile,0.0025,0.9975,-18.2021228113762,19.549497353618634,37.75162016499484,37.5,
case_003_3,3,timber,3,A4,pipeline_major,False,False,731.6351486207623,314.9938194373849,0.3125986210227172,0.9498853099899459,714.911122396047,264.1749553529228,748.3591748454777,365.812683521847,107.00000000000003,107.00000000000003,36.38898846316266,37.33105308834811,True,,9250,0.9268414731785428,310.0,-17.905746259324687,19.523762477316776,percentile,0.0025,0.9975,-17.905746259324687,19.523762477316776,37.429508736641466,,
case_003_3,3,timber,3,A5,pipeline_major,False,False,854.299983776752,275.15231655306115,0.31259862102271746,0.9498853099899458,837.4196582415252,223.85850981360406,871.1803093119787,326.4461232925182,108.00000000000001,108.00000000000001,36.72907246749092,37.90605229566662,True,,9289,0.9303233556912603,310.0,-18.528565317470562,19.352772846481365,percentile,0.0025,0.9975,-18.528565317470562,19.352772846481365,37.88133816395192,,
case_003_3,3,timber,3,A6,pipeline_minor,False,False,597.3480951620072,319.51918945082497,-0.9498853099899461,0.3125986210227168,980.1518750879554,193.54194517867012,214.54431523605894,445.4964337229798,805.9999999999999,805.9999999999999,274.1358115989994,277.2389962538374,True,,59810,0.8738683245473298,310.0,-138.06902567269654,139.1699705811409,percentile,0.0025,0.9975,-138.06902567269654,139.1699705811409,277.2389962538374,,
case_003_3,3,timber,3,A7,pipeline_minor,False,True,608.65771484375,353.88543701171875,-0.949885309989946,0.3125986210227167,989.5617241497184,228.53338998160933,227.75370553778163,479.23748404182817,802.0000000000001,802.0000000000001,272.77533610719104,274.6080137864436,True,,68150,0.9804041206686154,310.0,-138.06391181310948,136.81959759425234,percentile,0.0025,0.9975,-138.06391181310948,136.81959759425234,274.8835094073618,,271.5
case_003_3,3,timber,3,A8,pipeline_minor,False,False,619.9673345254928,388.2516845726125,-0.949885309989946,0.3125986210227167,999.9214585214713,263.2122361635258,240.0132105295143,513.2911329816992,800.0000000000002,800.0000000000002,272.09509836128785,276.598138224337,True,,67388,0.9834079498805659,310.0,-137.17310221597907,139.84567132882827,percentile,0.0025,0.9975,-137.17310221597907,139.84567132882827,277.0187735448073,,
case_004_4,4,timber,4,A1,pipeline_major,False,False,377.6394212158009,271.7971519147038,-0.2576626787081154,0.9662349320951704,394.77398934989054,207.542528930375,360.5048530817112,336.0517748990327,133.00000000000003,133.00000000000003,38.08157712847673,37.92043190612727,True,,11187,0.8901902376277842,258.0,-18.125278588480658,19.71007442841803,percentile,0.0025,0.9975,-18.125278588480658,19.71007442841803,37.83535301689869,,
case_004_4,4,timber,4,A2,pipeline_major,False,False,544.8149358661743,315.34234938338614,-0.2576626787081156,0.9662349320951703,561.6918413215559,252.05396133115244,527.9380304107927,378.6307374356198,131.00000000000003,131.00000000000003,37.50892183331135,39.48122335144123,True,,10545,0.8301516382344977,260.0,-18.929303947534088,20.410813129510643,percentile,0.0025,0.9975,-18.929303947534088,20.410813129510643,39.340117077044724,,
case_004_4,4,timber,4,A3,pipeline_major,True,False,711.9904505165479,358.88754685206845,-0.2576626787081156,0.9662349320951703,728.8673559719294,295.59915879983475,695.1135450611663,422.1759349043021,131.00000000000003,131.00000000000003,37.508921833311234,38.38374816897481,True,,10310,0.8130246412131059,261.0,-16.86170723510932,21.522040933865487,percentile,0.0025,0.9975,-16.86170723510932,21.522040933865487,38.38374816897481,37.5,
case_004_4,4,timber,4,A4,pipeline_major,False,False,879.2947965062754,401.9496268547031,-0.2576626787081156,0.9662349320951703,896.0428706223029,339.1443562685171,862.5467223902479,464.7548974408892,129.99999999999997,129.99999999999997,37.2225941857289,35.408493416384374,True,,9711,0.7198754400216626,263.0,-17.102029287495483,18.633140182953355,percentile,0.0025,0.9975,-17.102029287495483,18.633140182953355,35.73516947044884,,
case_004_4,4,timber,4,A5,pipeline_minor,False,True,638.6201355548787,300.7400653629104,-0.9662349320951704,-0.2576626787081153,1029.4621655873752,404.96461890034305,247.7781055223823,196.51551182547774,809.0000000000001,809.0000000000001,231.66466634544798,230.07236589606958,True,,58992,0.8446141467752636,260.0,-117.43257324954546,112.52432406224291,percentile,0.0025,0.9975,-117.43257324954546,112.52432406224291,229.95689731178837,,229.0
case_004_4,4,timber,4,A6,pipeline_minor,False,False,624.7632077980788,352.70353837060406,-0.9662349320951704,-0.25766267870811527,1013.672767966385,456.41276655062046,235.85364762977275,248.99431019058764,805.0000000000001,805.0000000000001,230.5192291818101,229.92358313021475,True,,67706,0.9694685581198391,261.0,-117.77092513510956,112.10225089460128,percentile,0.0025,0.9975,-117.77092513510956,112.10225089460128,229.87317602971086,,
case_005_5,5,timber,5,A1,pipeline_major,True,False,246.99626711336512,356.6540723346932,0.057596528638050815,0.9983399420482215,240.71824549181758,247.83501865143705,253.27428873491266,465.4731260179493,217.99999999999997,217.99999999999997,88.96490521844628,79.00655903675305,True,,18369,0.9867532467532467,332.0,-39.62420051975373,39.33757624604973,percentile,0.0025,0.9975,-39.62420051975373,39.33757624604973,78.96177676580346,78.8,
case_005_5,5,timber,5,A2,pipeline_major,False,False,362.727976696331,349.97724368687784,0.057596528638050655,0.9983399420482214,356.56514813205956,243.15486988771812,368.8908052606024,456.79961748603756,214.00000000000006,214.00000000000006,87.33252163645612,77.9231584111443,True,,17691,0.9594552448279446,333.0,-38.90661161599416,39.623084390874446,percentile,0.0025,0.9975,-38.90661161599416,39.623084390874446,78.5296960068686,,
case_005_5,5,timber,5,A3,pipeline_major,False,False,478.4308880149779,342.8012450680384,0.0575965286380507,0.9983399420482215,472.29685771502545,236.47804123990278,484.56491831493025,449.124448896174,213.00000000000003,213.00000000000003,86.92442574095831,,False,missing_reference_depth,0,,,,,percentile,0.0025,0.9975,,,,,
case_005_5,5,timber,5,A4,pipeline_major,False,False,594.1625975979438,336.12441642022304,0.05759652863805096,0.9983399420482215,588.0285672979913,229.80121259208744,600.2966278978962,442.44762024835865,213.00000000000003,213.00000000000003,86.92442574095892,63.81360822693377,True,,8100,0.46650356566550416,335.0,-24.989136059670965,38.824472167262805,percentile,0.0025,0.9975,-24.989136059670965,38.824472167262805,63.81360822693377,,
case_005_5,5,timber,5,A5,pipeline_major,False,False,711.2190273395847,352.40940643951683,0.05759652863805117,0.9983399420482214,706.5825067842217,272.043041104635,715.8555478949479,432.77577177439866,161.00000000000003,161.00000000000003,65.70343917509105,60.732161546329856,True,,13226,0.9498906136055839,337.0,-30.880488226458606,30.18368087884909,percentile,0.0025,0.9975,-30.880488226458606,30.18368087884909,61.06416910530769,,
case_005_5,5,timber,5,A6,pipeline_minor,False,False,399.051111092228,277.72784600240846,-0.9983399420482215,0.057596528638050745,684.0771645469952,261.284037076245,114.02505763746075,294.17165492857197,570.9999999999999,570.9999999999999,233.0522548622496,210.6026548516073,True,,35695,0.7771096696810441,332.0,-107.68563379166528,102.63574041331655,percentile,0.0025,0.9975,-107.68563379166528,102.63574041331655,210.32137420498182,,
case_005_5,5,timber,5,A7,pipeline_minor,False,False,465.48126703266996,344.0491699113571,-0.9983399420482215,0.05759652863805074,811.9052269234028,324.06317447395355,119.05730714193714,364.03516534876076,693.9999999999999,693.9999999999999,283.2544043334521,,False,missing_reference_depth,0,,,,,percentile,0.0025,0.9975,,,,,
case_005_5,5,timber,5,A8,pipeline_minor,False,True,483.4919357837732,413.1639254592513,-0.9983399420482214,0.05759652863805073,841.8959749790847,392.4867716781911,125.08789658846172,433.8410792403115,718.0,718.0,293.0499456936867,264.7806586368189,True,,55792,0.8955548893061714,337.0,-135.27298930807157,129.31486367683908,percentile,0.0025,0.9975,-135.27298930807157,129.31486367683908,264.5878529849107,,264.0
case_006_1,6,brick,1,A1,pipeline_major,False,False,350.31161670285314,296.7070857170611,0.028412304996645973,0.9995962889710914,346.6890478157808,169.25855887324693,353.9341855899255,424.1556125608752,255.0,255.0,87.83932231023998,87.0159174396549,True,,21412,0.9838630588864619,313.0,-43.15381694274704,43.77341864821626,percentile,0.0025,0.9975,-43.15381694274704,43.77341864821626,86.92723559096329,,
case_006_1,6,brick,1,A2,pipeline_major,True,False,516.1251831054688,291.49383544921875,0.0284123049966459,0.9995962889710913,512.5168203708947,164.54510674989015,519.7335458400428,418.4425641485474,254.00000000000003,254.00000000000003,87.49485437961063,87.09714966023361,True,,21366,0.9852901845413212,314.0,-43.388562108312044,43.62123529800848,percentile,0.0025,0.9975,-43.388562108312044,43.62123529800848,87.00979740632053,88.0,
case_006_1,6,brick,1,A3,pipeline_major,False,False,681.9387495080844,286.2805851813764,0.028412304996645692,0.9995962889710914,678.3730052310053,160.83125091550448,685.5044937851634,411.7299194472484,250.99999999999997,250.99999999999997,86.46145058772545,87.15556450931949,True,,21436,0.9806578126392727,315.0,-42.8375591662732,44.373082109456895,percentile,0.0025,0.9975,-42.8375591662732,44.373082109456895,87.2106412757301,,
case_006_1,6,brick,1,A4,pipeline_minor,False,False,514.2940401874522,209.47290593645226,-0.9995962889710912,0.02841230499664587,771.6900845975082,202.15673739981594,256.89799577739615,216.78907447308856,515.0,515.0,177.42355510370436,176.9849285453709,True,,43515,0.9711767298369326,313.0,-90.23784641198597,87.01336829754995,percentile,0.0025,0.9975,-90.23784641198597,87.01336829754995,177.25121470953593,,
case_006_1,6,brick,1,A5,pipeline_minor,False,True,517.1247793944399,291.4654231442221,-0.9995962889710913,0.02841230499664585,775.0206219489814,284.1350484550875,259.22893683989827,298.79579783335674,516.0,516.0,177.7680668611875,178.44276109609294,True,,43901,0.975055090348171,314.0,-91.07962453911006,87.38855785790973,percentile,0.0025,0.9975,-91.07962453911006,87.38855785790973,178.46818239701977,,180.0
case_006_1,6,brick,1,A6,pipeline_minor,False,False,520.455316745913,373.44373419949363,-0.9995962889710914,0.02841230499664586,775.3523704335414,366.19859642534897,265.55826305828475,380.68887197363836,510.00000000000006,510.00000000000006,175.70099631628997,176.225674065977,True,,42948,0.961724069544523,315.0,-90.16218129067065,86.02917539150434,percentile,0.0025,0.9975,-90.16218129067065,86.02917539150434,176.191356682175,,
case_007_2,7,brick,2,A1,pipeline_major,False,False,488.5642575108002,382.7338152303097,0.9968617213144686,-0.07916254529734884,414.2980592728723,388.6314248549622,562.8304557487281,376.8362056056572,149.0,149.0,67.43483361843694,60.94617810987855,True,,11091,0.833939844040104,278.0,-24.70894840029321,35.779897598063926,percentile,0.0025,0.9975,-24.70894840029321,35.779897598063926,60.488845998357135,,
case_007_2,7,brick,2,A2,pipeline_major,True,False,480.88912714638195,286.0840215981291,0.9968617213144687,-0.0791625452973489,405.6260671871396,292.06079376807895,556.1521871056243,280.1072494281793,150.99999999999994,150.99999999999994,68.3399991703643,59.595598950042444,True,,11081,0.8310162813173742,277.0,-24.215210438623274,35.46679349280169,percentile,0.0025,0.9975,-24.215210438623274,35.46679349280169,59.682003931424966,59.2,
case_007_2,7,brick,2,A3,pipeline_major,False,False,472.7155659213065,189.4738092385972,0.9968617213144685,-0.07916254529734908,396.9540751014069,195.49016268119573,548.4770567412061,183.45745579599867,151.99999999999997,151.99999999999997,68.79258194632509,57.58666527413029,True,,10679,0.8042717868571854,274.0,-21.862251476961045,35.571531383919535,percentile,0.0025,0.9975,-21.862251476961045,35.571531383919535,57.43378286088058,,
case_007_2,7,brick,2,A4,pipeline_major,False,False,465.04043555688827,92.82401560641665,0.9968617213144685,-0.07916254529734908,389.27894473698865,98.84036904901518,540.8019263767878,86.80766216381812,151.99999999999997,151.99999999999997,68.79258194632517,59.27312284151934,True,,11159,0.8396690518783542,272.0,-24.028683753911093,35.63415478055536,percentile,0.0025,0.9975,-24.028683753911093,35.63415478055536,59.66283853446645,,
case_007_2,7,brick,2,A5,pipeline_minor,False,False,427.9846886147659,244.16348202398746,0.07916254529734892,0.9968617213144686,410.76683501259254,27.346057638090542,445.2025422169393,460.98090640988437,435.0,435.0,196.84874930712675,190.73868700305627,True,,19512,0.5310653491237334,276.0,-89.63343539757489,101.10525160548139,percentile,0.0025,0.9975,-89.63343539757489,101.10525160548139,190.73868700305627,,
case_007_2,7,brick,2,A6,pipeline_minor,False,False,476.5531311035156,237.7987060546875,0.07916254529734892,0.9968617213144686,458.5832333210174,11.511095316303141,494.52302888601383,464.0863167930719,454.00000000000006,454.00000000000006,205.44674065617355,204.2976555837917,True,,38145,0.985189096761215,275.0,-99.67809396318982,104.61956162060186,percentile,0.0025,0.9975,-99.67809396318982,104.61956162060186,204.2976555837917,,
case_007_2,7,brick,2,A7,pipeline_minor,False,True,525.2798986828601,233.4276535280165,0.07916254529734887,0.9968617213144685,507.34958217301056,7.638473650289342,543.2102151927096,459.2168334057436,453.0,453.0,204.99421479569736,204.4911909682038,True,,37984,0.9885237218452846,275.0,-100.1170827910484,104.24881923441335,percentile,0.0025,0.9975,-100.1170827910484,104.24881923441335,204.36590202546174,,208.0
case_008_3,8,brick,3,A1,pipeline_major,False,False,719.8062163666912,394.59543123036923,0.2365672338768405,-0.9716151212573115,697.9237472330834,484.46982994667053,741.6886855002989,304.72103251406793,184.99999999999997,184.99999999999997,56.62368541443009,57.5568938703884,True,,15657,0.9909643890627768,281.0,-30.082243758839265,27.342901315762155,percentile,0.0025,0.9975,-30.082243758839265,27.342901315762155,57.42514507460142,,
case_008_3,8,brick,3,A2,pipeline_major,False,False,579.0463782717472,360.8380670009723,0.2365672338768405,-0.9716151212573116,557.282192755078,450.22665815664493,600.8105637884166,271.44947584529956,184.00000000000003,184.00000000000003,56.31761143921705,56.51982161136529,True,,15679,0.9650894914052809,279.0,-29.578419712161928,27.4329674660653,percentile,0.0025,0.9975,-29.578419712161928,27.4329674660653,57.01138717822723,,
case_008_3,8,brick,3,A3,pipeline_major,True,False,438.99624187843375,324.1658574078034,0.23656723387684012,-0.9716151212573116,416.64063827707236,415.98348636661933,461.35184547979514,232.3482284489874,189.00000000000003,189.00000000000003,57.84798131528234,58.44557865147489,True,,16231,0.9822198594128418,279.0,-29.980940440447824,28.690883142509396,percentile,0.0025,0.9975,-29.980940440447824,28.690883142509396,58.671823582957224,58.5,
case_008_3,8,brick,3,A4,pipeline_major,False,False,298.47297101736666,289.43687805714904,0.2365672338768405,-0.9716151212573115,275.76251656518997,382.71192969785096,321.18342546954335,196.16182641644713,192.00000000000003,192.00000000000003,58.76620324092271,58.72836135917892,True,,16385,0.9929132463237466,277.0,-30.31996091905639,28.83813070411097,percentile,0.0025,0.9975,-30.31996091905639,28.83813070411097,59.15809162316736,,
case_008_3,8,brick,3,A5,pipeline_minor,False,False,497.26379898075777,401.35954505482255,0.9716151212573116,0.2365672338768403,171.2869257989297,321.99123808914266,823.2406721625858,480.7278520205025,671.0,671.0,205.39888010366104,206.72760418460072,True,,56762,0.9693535622274235,279.0,-101.95423448834262,104.81681910764071,percentile,0.0025,0.9975,-101.95423448834262,104.81681910764071,206.77105359598332,,
case_008_3,8,brick,3,A6,pipeline_minor,False,True,509.9211102950037,340.9199193591259,0.9716151212573115,0.2365672338768403,182.001006870661,261.0784779256923,837.8412137193463,420.7613607925595,675.0,675.0,206.62331456031959,207.41015504619222,True,,57426,0.9764089783959452,279.0,-101.21921757536214,106.29045245649479,percentile,0.0025,0.9975,-101.21921757536214,106.29045245649479,207.50967003185693,,210.0
case_008_3,8,brick,3,A7,pipeline_minor,False,False,519.6635762454775,279.77059196179874,0.9716151212573115,0.2365672338768403,194.65831818490688,200.63885222999565,844.6688343060483,358.9023316936018,669.0,669.0,204.78666287533366,193.39570942707311,True,,53233,0.9697408523750989,278.0,-99.64391051898104,93.7517989080921,percentile,0.0025,0.9975,-99.64391051898104,93.7517989080921,193.39570942707311,,
case_009_4,9,brick,4,A1,pipeline_major,True,False,785.3937104185394,393.7008644764254,0.05003357904363515,-0.9987475361511958,778.4890765105177,531.5280244652904,792.298344326561,255.87370448756036,276.0,276.0,95.9815117871483,96.19394901821842,True,,23276,0.98486328125,318.0,-49.26689135432269,47.01973449013559,percentile,0.0025,0.9975,-49.26689135432269,47.01973449013559,96.28662584445829,98.9,
case_009_4,9,brick,4,A2,pipeline_major,False,False,658.71541700716,386.8541207709412,0.050033579043635375,-0.9987475361511958,651.7357327305729,526.1794020640331,665.6951012837471,247.5288394778494,279.00000000000006,279.00000000000006,97.02478908918225,97.06532442819352,True,,23528,0.9890203733073075,317.0,-49.65747152012547,47.52286832806,percentile,0.0025,0.9975,-49.65747152012547,47.52286832806,97.18033984818547,,
case_009_4,9,brick,4,A3,pipeline_major,False,False,532.4624090176515,371.5180230081718,0.05003357904363545,-0.9987475361511958,526.1331612686315,497.8595863312981,538.7916567666713,245.17645968504553,253.00000000000003,253.00000000000003,87.98305247155226,89.37000154020694,True,,21506,0.9253525133081393,317.0,-45.55071099121635,43.561842477034524,percentile,0.0025,0.9975,-45.55071099121635,43.561842477034524,89.11255346825087,,
case_009_4,9,brick,4,A4,pipeline_major,False,False,406.6597032395356,347.19319742004166,0.050033579043635416,-0.9987475361511959,401.0809591761702,458.5535477009,412.2384473029009,235.83284713918334,223.0,223.0,77.55027945121013,77.17060680341878,True,,18517,0.942671538773853,315.0,-38.75954095509103,38.411065848327745,percentile,0.0025,0.9975,-38.75954095509103,38.411065848327745,77.17060680341878,,
case_009_4,9,brick,4,A5,pipeline_minor,False,False,647.7726755654621,476.7524626284329,0.9987475361511958,0.05003357904363528,409.0720144253263,464.7944372370041,886.473336705598,488.71048801986177,478.00000000000006,478.00000000000006,166.24992765354293,197.58406343522006,True,,40661,0.8980881929099818,320.0,-111.74256192683278,85.81174904512332,percentile,0.0025,0.9975,-111.74256192683278,85.81174904512332,197.55431097195608,,
case_009_4,9,brick,4,A6,pipeline_minor,False,False,596.8368664214142,384.254859938878,0.9987475361511958,0.05003357904363532,301.7069694887359,369.4699373314837,891.9667633540927,399.0397825462722,591.0,591.0,205.5516887933948,205.29141308840866,True,,50113,0.974586208885215,317.0,-100.60607798577277,104.21943797280743,percentile,0.0025,0.9975,-100.60607798577277,104.21943797280743,204.8255159585802,,
case_009_4,9,brick,4,A7,pipeline_minor,False,True,599.833424229531,294.45907051767927,0.9987475361511958,0.05003357904363526,304.20415352877706,279.64913112076323,895.462694930285,309.2690099145953,592.0,592.0,205.8994919893247,205.40876998225144,True,,50298,0.9778812124942299,315.0,-100.96857880087937,104.46619653251919,percentile,0.0025,0.9975,-100.96857880087937,104.46619653251919,205.43477533339853,,205.0
case_010_5,10,brick,5,A1,pipeline_major,False,False,479.58526370244743,247.88109095418488,0.20039620874903286,-0.9797149378870438,465.15673667251707,318.42056648205204,494.0137907323778,177.34161542631773,144.0,144.0,63.5052850908215,64.96095960111344,True,,10598,0.8459087730204367,269.0,-32.75500425427887,31.891569174434448,percentile,0.0025,0.9975,-32.75500425427887,31.891569174434448,64.64657342871332,,
case_010_5,10,brick,5,A2,pipeline_major,False,False,378.1214375351383,226.61677693440458,0.2003962087490327,-0.9797149378870438,363.7931086095824,296.6663949933282,392.4497664606941,156.56715887548094,143.0,143.0,63.06427616657937,64.57821342398695,True,,11233,0.8907256499805976,268.0,-32.65420187450308,31.915034025318484,percentile,0.0025,0.9975,-32.65420187450308,31.915034025318484,64.56923589982156,,
case_010_5,10,brick,5,A3,pipeline_major,True,False,276.45721515908,206.33217785251128,0.2003962087490328,-0.9797149378870438,262.02868812914966,276.87165338037846,290.8857421890104,135.79270232464413,144.00000000000003,144.00000000000003,63.50528509082145,64.91234170736787,True,,12422,0.9795491517545898,267.0,-32.49091314924235,32.15901588373947,percentile,0.0025,0.9975,-32.49091314924235,32.15901588373947,64.64992903298182,65.3,
case_010_5,10,brick,5,A4,pipeline_major,False,False,174.79299278302182,186.047578770618,0.20039620874903283,-0.9797149378870439,160.26426764871692,257.07691176742867,189.32171791732668,115.01824577380734,144.99999999999997,144.99999999999997,63.94629401506255,64.80514482995542,True,,12430,0.9802845214164219,267.0,-32.48746601927416,32.32002401030825,percentile,0.0025,0.9975,-32.48746601927416,32.32002401030825,64.80749002958241,,
case_010_5,10,brick,5,A5,pipeline_minor,False,False,319.320599365792,262.9178752882535,0.9797149378870438,0.20039620874903283,83.699156803958,214.72258708411113,554.9420419276261,311.1131634923959,481.00000000000006,481.00000000000006,212.15014066382292,214.73044495653582,True,,35653,0.8547371882192681,269.0,-106.13582699031744,108.5078237150135,percentile,0.0025,0.9975,-106.13582699031744,108.5078237150135,214.6436507053309,,
case_010_5,10,brick,5,A6,pipeline_minor,False,True,327.2392272949219,216.7194061279297,0.9797149378870438,0.20039620874903277,91.12792726414429,168.4239198194128,563.3505273256994,265.0148924364466,482.0,482.0,212.59120124732198,213.75634088019729,True,,40160,0.9605995817963959,268.0,-106.01387325810337,107.72561400022367,percentile,0.0025,0.9975,-106.01387325810337,107.72561400022367,213.73948725832705,,215.0
case_010_5,10,brick,5,A7,pipeline_minor,False,False,335.1578552240517,170.52093696760582,0.9797149378870438,0.2003962087490328,98.5566977243306,122.1252525547144,571.7590127237728,218.91662138049725,483.00000000000006,483.00000000000006,213.0322618308236,212.5074368502418,True,,40616,0.975767974240252,267.0,-105.20964952322723,107.59725157736018,percentile,0.0025,0.9975,-105.20964952322723,107.59725157736018,212.80690110058742,,
case_011_1,11,concrete block,1,A1,pipeline_major,False,False,319.212757859873,363.06631879835214,0.05759661599930257,0.998339937008146,309.4789297559909,194.34686944397546,328.9465859637552,531.7857681527288,337.99999999999994,337.99999999999994,101.59832546736271,101.21192480109653,True,,28655,0.9862064347651411,273.0,-50.49856499809753,50.81617265007197,percentile,0.0025,0.9975,-50.49856499809753,50.81617265007197,101.31473764816951,,
case_011_1,11,concrete block,1,A2,pipeline_major,True,False,503.9082439283285,350.9083007346209,0.05759661599930247,0.9983399370081459,494.2608107484453,183.68636128575648,513.5556771082116,518.1302401834854,335.00000000000006,335.00000000000006,100.69656518214974,101.28356090221261,True,,28438,0.9781415277498828,274.0,-50.11460071362551,51.07754887143589,percentile,0.0025,0.9975,-50.11460071362551,51.07754887143589,101.1921495850614,101.9,
case_011_1,11,concrete block,1,A3,pipeline_major,False,False,688.6037299967838,338.7502826708897,0.057596615999302554,0.9983399370081459,678.9274985089011,171.02917325352118,698.2799614846667,506.47139208825826,336.00000000000006,336.00000000000006,100.9971519438868,101.11649833582315,True,,28506,0.9780359594200958,274.0,-49.76886844188586,51.31839256720931,percentile,0.0025,0.9975,-49.76886844188586,51.31839256720931,101.08726100909516,,
case_011_1,11,concrete block,1,A4,pipeline_minor,False,False,499.6514269044489,242.39931403389414,-0.9983399370081459,0.05759661599930243,786.1749888257868,225.86908524209434,213.12786498311095,258.92954282569394,574.0000000000001,574.0000000000001,172.558642805818,171.85103237310628,True,,48586,0.9674361658010624,272.0,-87.35339106100933,84.47371783278977,percentile,0.0025,0.9975,-87.35339106100933,84.47371783278977,171.8271088937991,,
case_011_1,11,concrete block,1,A5,pipeline_minor,False,True,512.4229317008974,350.91789946713095,-0.9983399370081459,0.05759661599930241,792.4572840316823,334.7620486793266,232.38857937011238,367.07375025493525,561.0,561.0,168.65052023355327,168.83775812241703,True,,47814,0.9546846295162278,274.0,-85.82301239995253,82.94870776808239,percentile,0.0025,0.9975,-85.82301239995253,82.94870776808239,168.77172016803493,,169.0
case_011_1,11,concrete block,1,A6,pipeline_minor,False,False,513.7135272217522,460.09884598435974,-0.998339937008146,0.057596615999302395,797.7412393005698,443.7126087325582,229.68581514293464,476.48508323616124,569.0,569.0,171.0555187395616,173.09375001590772,True,,48384,0.9667450918365329,274.0,-87.60168671835528,85.49726536807445,percentile,0.0025,0.9975,-87.60168671835528,85.49726536807445,173.09895208642973,,
case_012_2,12,concrete block,2,A1,pipeline_major,True,False,149.96461096648,250.33586846920696,0.0068491602161274475,0.9999765442270803,149.42352730940593,171.3377214752676,150.50569462355406,329.33401546314633,158.00000000000003,158.00000000000003,76.69895871359338,78.30396258162514,True,,13534,0.9862418021100656,295.0,-38.55851744615395,39.72532331207833,percentile,0.0025,0.9975,-38.55851744615395,39.72532331207833,78.28384075823227,77.0,
case_012_2,12,concrete block,2,A2,pipeline_major,False,False,242.1572495359145,248.70438804926312,0.006849160216127358,0.9999765442270803,241.62301503905655,170.70621759955085,242.69148403277242,326.7025584989754,156.00000000000003,156.00000000000003,75.72808581848459,77.91453800263615,True,,13235,0.9655737704918033,295.0,-38.196426021724754,39.768721201089555,percentile,0.0025,0.9975,-38.196426021724754,39.768721201089555,77.96514722281431,,
case_012_2,12,concrete block,2,A3,pipeline_major,False,False,334.3601618456732,248.5728724456599,0.006849160216127585,0.9999765442270803,333.8293519289233,171.07469026806115,334.8909717624231,326.07105462325865,155.00000000000006,155.00000000000006,75.24264937093025,75.87489622647963,True,,12584,0.9233784746970777,294.0,-37.164910684277196,38.830369092356605,percentile,0.0025,0.9975,-37.164910684277196,38.830369092356605,75.9952797766338,,
case_012_2,12,concrete block,2,A4,pipeline_major,False,False,426.5630741554319,248.44135684205668,0.006849160216127539,0.9999765442270803,426.02883965857393,170.4431863923444,427.0973086522898,326.43952729176897,156.00000000000006,156.00000000000006,75.7280858184846,76.84535757117558,True,,10774,0.7956230396350157,295.0,-38.083554411463204,38.72516032138467,percentile,0.0025,0.9975,-38.083554411463204,38.72516032138467,76.80871473284786,,
case_012_2,12,concrete block,2,A5,pipeline_major,False,False,518.7557127248664,246.80987642211284,0.00684916021612754,0.9999765442270803,518.2214782280084,168.81170597240057,519.2899472217243,324.8080468718251,156.00000000000003,156.00000000000003,75.7280858184846,75.73423630620854,True,,11167,0.8314798973481609,295.0,-36.705114838252584,39.07292819787489,percentile,0.0025,0.9975,-36.705114838252584,39.07292819787489,75.77804303612749,,
case_012_2,12,concrete block,2,A6,pipeline_minor,False,False,334.01477906286146,198.14702888335188,-0.9999765442270804,0.006849160216127458,622.0080238002606,196.17447074110717,46.02153432546231,200.1195870255966,576.0,576.0,279.64700437585054,280.1148523581941,True,,48553,0.9759836585752816,295.0,-140.71906099996684,139.28498341117452,percentile,0.0025,0.9975,-140.71906099996684,139.28498341117452,280.00404441114136,,
case_012_2,12,concrete block,2,A7,pipeline_minor,False,True,334.8635746978948,249.06943613766538,-0.9999765442270803,0.006849160216127396,621.3568546189533,247.10715173574488,48.37029477683626,251.03172053958588,573.0,573.0,278.1905095613932,279.9740251190162,True,,44531,0.8980773042616452,295.0,-140.80760206190843,139.2911872570443,percentile,0.0025,0.9975,-140.80760206190843,139.2911872570443,280.0987893189527,,279.5
case_012_2,12,concrete block,2,A8,pipeline_minor,False,False,334.21240551658747,300.00211713230306,-0.9999765442270803,0.0068491602161274215,619.7057088934189,298.0466818905987,48.719102139756046,301.95755237400743,571.0,571.0,277.2195130184215,280.58628062663206,True,,41936,0.8500198176773682,296.0,-141.21064242642402,138.99574763230353,percentile,0.0025,0.9975,-141.21064242642402,138.99574763230353,280.20639005872755,,
case_013_3,13,concrete block,3,A1,pipeline_major,False,False,436.16563645081567,405.3712855714145,0.20527141212421754,0.978705087022914,412.4567883504685,292.3308480202679,459.87448455116277,518.411723122561,231.0,231.0,76.02469212728953,77.37481940769942,True,,19888,0.9735656941452908,300.0,-37.68763154341939,39.68690500021494,percentile,0.0025,0.9975,-37.68763154341939,39.68690500021494,77.37453654363432,,
case_013_3,13,concrete block,3,A2,pipeline_major,True,False,556.095703125,379.70654296875,0.2052714121242181,0.9787050870229139,532.4894907307149,267.1554579611149,579.7019155192851,492.2576279763851,230.0,230.0,75.69558090596011,76.6440715378384,True,,19731,0.9658801644801254,300.0,-37.77056532081786,38.869096366648165,percentile,0.0025,0.9975,-37.77056532081786,38.869096366648165,76.63966168746603,76.2,
case_013_3,13,concrete block,3,A3,pipeline_major,False,False,675.9231340931224,353.5524478225741,0.2052714121242176,0.978705087022914,652.3169216988373,241.00136281493897,699.5293464874073,466.1035328302092,230.0,230.0,75.69558090596004,77.95990581753254,True,,19923,0.9755739390082726,301.0,-38.12526779842856,39.909263272303036,percentile,0.0025,0.9975,-38.12526779842856,39.909263272303036,78.03453107073159,,
case_013_3,13,concrete block,3,A4,pipeline_minor,False,False,540.8062223612184,306.8084591751975,-0.9787050870229139,0.2052714121242175,727.738893982595,267.601619459472,353.8735507398418,346.0152988909231,382.00000000000006,382.00000000000006,125.73515766493155,120.32454405472268,True,,31103,0.9751787842669845,299.0,-58.6703805133939,61.54867484884905,percentile,0.0025,0.9975,-58.6703805133939,61.54867484884905,120.21905536224295,,
case_013_3,13,concrete block,3,A5,pipeline_minor,False,True,552.6702353204198,380.42499291118475,-0.9787050870229139,0.2052714121242178,734.2200289631703,342.34714596214235,371.1204416776693,418.50283986022714,370.99999999999994,370.99999999999994,122.11451176358773,121.09683582710953,True,,31051,0.9658789522305331,300.0,-60.35597643554188,60.886333690547524,percentile,0.0025,0.9975,-60.35597643554188,60.886333690547524,121.24231012608941,,118.7
case_013_3,13,concrete block,3,A6,pipeline_minor,False,False,566.491658453667,453.63098382292355,-0.9787050870229139,0.20527141212421773,744.6159842918373,416.27158681631596,388.3673326154967,490.9903808295312,363.99999999999994,363.99999999999994,119.81046437182202,116.62550140982205,True,,29845,0.9656138259833135,300.0,-56.88282743367097,59.69150389795235,percentile,0.0025,0.9975,-56.88282743367097,59.69150389795235,116.57433133162331,,
case_014_4,14,concrete block,4,A1,pipeline_major,False,False,280.6809140232517,382.8289440249883,0.1539854278547911,0.9880731187560853,262.51063353638636,266.2363160117702,298.85119451011707,499.42157203820636,236.00000000000003,236.00000000000003,77.15226541573475,78.13287034102578,True,,20215,0.9753193123979641,298.0,-38.33464022967553,39.7555268269156,percentile,0.0025,0.9975,-38.33464022967553,39.7555268269156,78.09016705659114,,
case_014_4,14,concrete block,4,A2,pipeline_major,False,False,419.9963987001626,361.62347439218473,0.15398542785479122,0.9880731187560853,401.90311092722465,245.5248829383447,438.0896864731006,477.72206584602475,235.00000000000003,235.00000000000003,76.82534903685462,77.64614728634113,True,,20139,0.9780552220888356,299.0,-38.193844137245,39.61337022030545,percentile,0.0025,0.9975,-38.193844137245,39.61337022030545,77.80721435755045,,
case_014_4,14,concrete block,4,A3,pipeline_major,True,False,559.388876091001,340.9120413187591,0.15398542785479144,0.9880731187560852,541.4495737459177,225.8015229836752,577.3281784360842,456.0225596538431,233.00000000000003,233.00000000000003,76.1715162790941,76.94598387822194,True,,16758,0.8160864345738296,298.0,-37.839604951359256,39.07377631784793,percentile,0.0025,0.9975,-37.839604951359256,39.07377631784793,76.91338126920719,76.5,
case_014_4,14,concrete block,4,A4,pipeline_major,False,False,698.6273680539844,319.21253512657745,0.15398542785479125,0.9880731187560853,680.842051136756,205.09008991024962,716.4126849712128,433.3349803429053,230.99999999999997,230.99999999999997,75.51768352133395,77.43470122139645,True,,18026,0.8702645604263696,298.0,-38.01460977941865,39.429706996681155,percentile,0.0025,0.9975,-38.01460977941865,39.429706996681155,77.44431677609981,,
case_014_4,14,concrete block,4,A5,pipeline_major,False,False,837.8658600169679,297.51302893439583,0.15398542785479125,0.9880731187560853,820.0805430997395,183.390583718068,855.6511769341963,411.63547415072367,230.99999999999997,230.99999999999997,75.51768352133402,77.1366519447019,True,,20031,0.9640353404398349,299.0,-37.35571889965745,39.78094945197614,percentile,0.0025,0.9975,-37.35571889965745,39.78094945197614,77.13666835163359,,
case_014_4,14,concrete block,4,A6,pipeline_minor,False,False,547.4349271760757,264.2075391436622,-0.9880731187560852,0.15398542785479116,982.1870994287532,196.45395088755407,112.68275492339819,331.9611273997703,880.0,880.0,287.72133640412324,286.3489537204294,True,,74422,0.9795505005258442,297.0,-144.95892082653907,141.45098974811924,percentile,0.0025,0.9975,-144.95892082653907,141.45098974811924,286.4099105746583,,
case_014_4,14,concrete block,4,A7,pipeline_minor,False,True,559.6519345085968,339.35293892669756,-0.9880731187560852,0.1539854278547911,991.9339239643841,271.98431424022647,127.3699450528095,406.7215636131687,875.0000000000001,875.0000000000001,286.0865560836458,286.12427450718155,True,,66429,0.880484036406601,298.0,-144.2882181515963,141.780589785859,percentile,0.0025,0.9975,-144.2882181515963,141.780589785859,286.0688079374553,,285.0
case_014_4,14,concrete block,4,A8,pipeline_minor,False,False,570.8808687223618,414.6523241375878,-0.9880731187560853,0.1539854278547912,1001.6807485000149,347.51467759289886,140.08098894470862,481.78997068227676,871.9999999999999,871.9999999999999,285.10568789136533,287.19515411974817,True,,73986,0.9787322444103975,300.0,-144.63337854184277,142.65778847426074,percentile,0.0025,0.9975,-144.63337854184277,142.65778847426074,287.29116701610354,,
case_015_5,15,concrete block,5,A1,pipeline_major,True,False,471.3981898490671,318.9630885700689,0.9851275607171563,-0.17182458821561447,414.260791327472,328.92891468657456,528.5355883706621,308.9972624535633,115.99999999999999,115.99999999999999,58.990287186459014,57.371249334141496,True,,9349,0.8733516483516484,312.0,-25.420286612314282,32.01192447244544,percentile,0.0025,0.9975,-25.420286612314282,32.01192447244544,57.43221108475972,55.0,
case_015_5,15,concrete block,5,A2,pipeline_major,False,False,454.2728778048578,220.77797399576878,0.9851275607171565,-0.17182458821561422,395.1652241618284,231.0874492887056,513.3805314478872,210.4684987028319,119.99999999999999,119.99999999999999,61.02443502047348,58.00020830312027,True,,9434,0.8647856357640161,309.0,-25.508401448557837,32.46719479087514,percentile,0.0025,0.9975,-25.508401448557837,32.46719479087514,57.975596239432974,,
case_015_5,15,concrete block,5,A3,pipeline_major,False,False,436.6550019802899,122.6787717155764,0.9851275607171563,-0.17182458821561433,377.05478455690195,133.07415930262107,496.25521940367787,112.28338412853174,121.0,121.0,61.53297197897796,58.15382202935788,True,,9459,0.8681509987172439,307.0,-25.579117249815283,32.47185131872868,percentile,0.0025,0.9975,-25.579117249815283,32.47185131872868,58.05096856854396,,
case_015_5,15,concrete block,5,A4,pipeline_minor,False,False,414.56317887037596,229.73427876218932,0.17182458821561433,0.9851275607171565,388.1021922851714,78.02463441174726,441.0241654555806,381.4439231126314,308.0,308.0,156.61061373649864,156.66088024598827,True,,18541,0.7030455924829074,311.0,-76.97503512053628,79.685845125452,percentile,0.0025,0.9975,-76.97503512053628,79.685845125452,156.6608802459883,,
case_015_5,15,concrete block,5,A5,pipeline_minor,False,True,453.3736625382484,221.44236236434296,0.17182458821561447,0.9851275607171565,426.826763658936,69.24015423354228,479.92056141756086,373.6445704951436,309.0,309.0,157.11908975512435,159.56053584768063,True,,25734,0.950598309364365,309.0,-79.14461428448098,80.41592156319965,percentile,0.0025,0.9975,-79.14461428448098,80.41592156319965,159.56053584768063,,156.5
case_015_5,15,concrete block,5,A6,pipeline_minor,False,False,492.1841462061209,213.1504459664966,0.17182458821561453,0.9851275607171565,465.72315962091625,61.4408016160545,518.6451327913255,364.8600903169387,308.0,308.0,156.61061373649915,159.36839323751659,True,,25976,0.974874555909607,309.0,-77.02010056879129,82.25128986791422,percentile,0.0025,0.9975,-77.02010056879129,82.25128986791422,159.27139043670553,,
