case_id,case_index,material,object_id,path_label,manual_mm,manual_source_field,mask_based_mm,whole_roi_depth_mm,strip_depth_mm,mask_abs_err_mm,whole_roi_depth_abs_err_mm,strip_depth_abs_err_mm,mask_pct_err,whole_roi_depth_pct_err,strip_depth_pct_err,mask_valid,whole_roi_depth_valid,strip_depth_valid,mask_failure_reason,whole_roi_depth_failure_reason,strip_depth_failure_reason,mask_source,direction_source,anchor_source,p0_x,p0_y,direction_x,direction_y,selected_mask_area_px,valid_depth_fraction,in_range_268_375_fraction,evaluation_valid,invalid_reason
case_001_1,1,timber,1,major,38.0,major_axis_mm,37.529448375072135,38.288001290232785,36.421765257548465,0.4705516249278645,0.28800129023278487,1.578234742451535,1.2382937498101698,0.7578981321915391,4.153249322240882,True,True,True,,,,workspace/outputs/final_path_results_v1_capture_session_20260704_222852/gsam2_masks/cases/case_001_1/selected_mask.png,manual_anchor_selection,manual_anchor_selection,665.2522583007812,355.64739990234375,0.007967863448875918,0.9999682560721916,50862,0.9901226128472222,0.6481792534722223,True,
case_001_1,1,timber,1,minor,156.5,minor_axis_mm,156.2788865052258,158.1678450505552,158.3840585258702,0.22111349477418685,1.6678450505552007,1.8840585258701879,0.14128657813047082,1.0657156872557194,1.2038712625368613,True,True,True,,,,workspace/outputs/final_path_results_v1_capture_session_20260704_222852/gsam2_masks/cases/case_001_1/selected_mask.png,manual_anchor_selection,manual_anchor_selection,665.2522583007812,355.64739990234375,-0.9999682560721916,0.007967863448875635,50862,0.9901226128472222,0.6481792534722223,True,
case_002_2,2,timber,2,major,37.5,major_axis_mm,50.458898267252806,40.218768351202435,39.42274882752163,12.958898267252806,2.718768351202435,1.9227488275216302,34.55706204600749,7.2500489365398275,5.127330206724348,True,True,True,,,,workspace/outputs/final_path_results_v1_capture_session_20260704_222852/gsam2_masks/cases/case_002_2/selected_mask.png,manual_anchor_selection,manual_anchor_selection,477.7121858351966,201.8595938896106,0.9994449125807263,-0.03331466218505658,16209,0.9821744791666667,0.9821744791666667,True,
case_002_2,2,timber,2,minor,75.1,minor_axis_mm,74.95797984057096,73.85086882967312,73.9795472439957,0.14202015942903756,1.2491311703268764,1.1204527560042976,0.18910806848074244,1.6632905064272656,1.4919477443466014,True,True,True,,,,workspace/outputs/final_path_results_v1_capture_session_20260704_222852/gsam2_masks/cases/case_002_2/selected_mask.png,manual_anchor_selection,manual_anchor_selection,511.4464284970845,200.73512481262307,0.033314662185056146,0.9994449125807263,16209,0.9821744791666667,0.9821744791666667,True,
case_003_3,3,timber,3,major,37.5,major_axis_mm,37.06915647181973,38.21135271316099,37.82268579611199,0.4308435281802687,0.7113527131609914,0.32268579611199044,1.1489160751473833,1.8969405684293104,0.8604954562986412,True,True,True,,,,workspace/outputs/final_path_results_v1_capture_session_20260704_222852/gsam2_masks/cases/case_003_3/selected_mask.png,manual_anchor_selection,manual_anchor_selection,609.1266127752841,355.31026497670365,0.3125986210227167,0.9498853099899461,87790,0.9842426215277778,0.6096788194444445,True,
case_003_3,3,timber,3,minor,271.5,minor_axis_mm,272.77533610719104,277.5518613325029,274.6080137864436,1.2753361071910376,6.051861332502881,3.108013786443621,0.4697370560556308,2.2290465313086116,1.1447564590952564,True,True,True,,,,workspace/outputs/final_path_results_v1_capture_session_20260704_222852/gsam2_masks/cases/case_003_3/selected_mask.png,manual_anchor_selection,manual_anchor_selection,608.65771484375,353.88543701171875,-0.9498853099899461,0.31259862102271674,87790,0.9842426215277778,0.6096788194444445,True,
case_004_4,4,timber,4,major,37.5,major_axis_mm,37.508921833311234,39.819227473152715,38.38374816897481,0.008921833311234195,2.319227473152715,0.8837481689748117,0.02379155549662452,6.184606595073906,2.356661783932831,True,True,True,,,,workspace/outputs/final_path_results_v1_capture_session_20260704_222852/gsam2_masks/cases/case_004_4/selected_mask.png,manual_anchor_selection,manual_anchor_selection,711.9904505165479,358.88754685206845,-0.2576626787081156,0.9662349320951703,107143,0.9620399305555556,0.5113780381944445,True,
case_004_4,4,timber,4,minor,229.0,minor_axis_mm,231.66466634544798,229.9800065622417,230.07236589606958,2.6646663454479835,0.980006562241698,1.0723658960695843,1.1636097578375475,0.4279504638610035,0.468282050685408,True,True,True,,,,workspace/outputs/final_path_results_v1_capture_session_20260704_222852/gsam2_masks/cases/case_004_4/selected_mask.png,manual_anchor_selection,manual_anchor_selection,638.6201355548787,300.7400653629104,-0.9662349320951704,-0.2576626787081153,107143,0.9620399305555556,0.5113780381944445,True,
case_005_5,5,timber,5,major,78.8,major_axis_mm,88.96490521844628,78.57765237860707,79.00655903675305,10.164905218446279,0.2223476213929274,0.20655903675304899,12.899625911733857,0.28216703222452716,0.2621307573008236,True,True,True,,,,workspace/outputs/final_path_results_v1_capture_session_20260704_222852/gsam2_masks/cases/case_005_5/selected_mask.png,manual_anchor_selection,manual_anchor_selection,246.99626711336512,356.6540723346932,0.057596528638050815,0.9983399420482215,140728,0.9595779079861111,0.574130859375,True,
case_005_5,5,timber,5,minor,264.0,minor_axis_mm,293.0499456936867,264.45234781385716,264.7806586368189,29.04994569368671,0.45234781385715905,0.7806586368188846,11.003767308214663,0.17134386888528752,0.29570402909806237,True,True,True,,,,workspace/outputs/final_path_results_v1_capture_session_20260704_222852/gsam2_masks/cases/case_005_5/selected_mask.png,manual_anchor_selection,manual_anchor_selection,483.4919357837732,413.1639254592513,-0.9983399420482215,0.05759652863805074,140728,0.9595779079861111,0.574130859375,True,
case_006_1,6,brick,1,major,88.0,major_axis_mm,87.49485437961063,86.84636970409012,87.09714966023361,0.5051456203893707,1.1536302959098776,0.9028503397663883,0.5740291140788304,1.3109435180794065,1.0259662951890776,True,True,True,,,,workspace/outputs/final_path_results_v1_capture_session_20260704_222852/gsam2_masks/cases/case_006_1/selected_mask.png,manual_anchor_selection,manual_anchor_selection,516.1251831054688,291.49383544921875,0.028412304996645904,0.9995962889710914,128059,0.9899099392361111,0.5523491753472223,True,
case_006_1,6,brick,1,minor,180.0,minor_axis_mm,177.7680668611875,177.8870281933411,178.44276109609294,2.231933138812508,2.1129718066588907,1.5572389039070629,1.2399628548958377,1.173873225921606,0.8651327243928127,True,True,True,,,,workspace/outputs/final_path_results_v1_capture_session_20260704_222852/gsam2_masks/cases/case_006_1/selected_mask.png,manual_anchor_selection,manual_anchor_selection,517.1247793944399,291.4654231442221,-0.9995962889710914,0.028412304996645852,128059,0.9899099392361111,0.5523491753472223,True,
case_007_2,7,brick,2,major,59.2,major_axis_mm,68.3399991703643,60.551042202056315,59.595598950042444,9.139999170364291,1.3510422020563126,0.39559895004244083,15.439187787777518,2.2821658818518795,0.6682414696662852,True,True,True,,,,workspace/outputs/final_path_results_v1_capture_session_20260704_222852/gsam2_masks/cases/case_007_2/selected_mask.png,manual_anchor_selection,manual_anchor_selection,480.88912714638195,286.0840215981291,0.9968617213144687,-0.0791625452973489,66400,0.9401009114583333,0.9057389322916667,True,
case_007_2,7,brick,2,minor,208.0,minor_axis_mm,204.99421479569736,204.36950828235922,204.4911909682038,3.00578520430264,3.63049171764078,3.508809031796204,1.4450890405301153,1.745428710404221,1.6869274191327905,True,True,True,,,,workspace/outputs/final_path_results_v1_capture_session_20260704_222852/gsam2_masks/cases/case_007_2/selected_mask.png,manual_anchor_selection,manual_anchor_selection,525.2798986828601,233.4276535280165,0.07916254529734888,0.9968617213144686,66400,0.9401009114583333,0.9057389322916667,True,
case_008_3,8,brick,3,major,58.5,major_axis_mm,57.84798131528234,59.14154845264576,58.44557865147489,0.6520186847176603,0.6415484526457575,0.0544213485251106,1.1145618542182227,1.0966640216166796,0.09302794619677027,True,True,True,,,,workspace/outputs/final_path_results_v1_capture_session_20260704_222852/gsam2_masks/cases/case_008_3/selected_mask.png,manual_anchor_selection,manual_anchor_selection,438.99624187843375,324.1658574078034,0.23656723387684012,-0.9716151212573116,126178,0.9786306423611111,0.5846907552083334,True,
case_008_3,8,brick,3,minor,210.0,minor_axis_mm,206.62331456031959,206.8425158765075,207.41015504619222,3.376685439680415,3.157484123492509,2.589844953807784,1.6079454474668642,1.503563868329766,1.2332595018132306,True,True,True,,,,workspace/outputs/final_path_results_v1_capture_session_20260704_222852/gsam2_masks/cases/case_008_3/selected_mask.png,manual_anchor_selection,manual_anchor_selection,509.9211102950037,340.9199193591259,0.9716151212573116,0.23656723387684034,126178,0.9786306423611111,0.5846907552083334,True,
case_009_4,9,brick,4,major,98.9,major_axis_mm,95.9815117871483,96.79187780961988,96.19394901821842,2.918488212851699,2.1081221903801293,2.706050981781587,2.950948647979473,2.1315694543782904,2.7361486165637885,True,True,True,,,,workspace/outputs/final_path_results_v1_capture_session_20260704_222852/gsam2_masks/cases/case_009_4/selected_mask.png,manual_anchor_selection,manual_anchor_selection,785.3937104185394,393.7008644764254,0.05003357904363516,-0.9987475361511959,153110,0.9873578559027778,0.6303157552083334,True,
case_009_4,9,brick,4,minor,205.0,minor_axis_mm,205.8994919893247,205.4510205382136,205.40876998225144,0.8994919893247015,0.4510205382136121,0.40876998225144234,0.438776580158391,0.2200100186407864,0.199399991342167,True,True,True,,,,workspace/outputs/final_path_results_v1_capture_session_20260704_222852/gsam2_masks/cases/case_009_4/selected_mask.png,manual_anchor_selection,manual_anchor_selection,599.833424229531,294.45907051767927,0.9987475361511959,0.050033579043635264,153110,0.9873578559027778,0.6303157552083334,True,
case_010_5,10,brick,5,major,65.3,major_axis_mm,63.50528509082145,65.22427610602938,64.91234170736787,1.7947149091785448,0.0757238939706184,0.3876582926321248,2.7484148685735756,0.11596308418165147,0.5936574159756889,True,True,True,,,,workspace/outputs/final_path_results_v1_capture_session_20260704_222852/gsam2_masks/cases/case_010_5/selected_mask.png,manual_anchor_selection,manual_anchor_selection,276.45721515908,206.33217785251128,0.2003962087490328,-0.9797149378870438,69744,,,True,
case_010_5,10,brick,5,minor,215.0,minor_axis_mm,212.59120124732198,214.0615787024952,213.75634088019729,2.408798752678024,0.9384212975047888,1.2436591198027145,1.1203715128734995,0.4364750220952506,0.5784461022338206,True,True,True,,,,workspace/outputs/final_path_results_v1_capture_session_20260704_222852/gsam2_masks/cases/case_010_5/selected_mask.png,manual_anchor_selection,manual_anchor_selection,327.2392272949219,216.7194061279297,0.9797149378870438,0.20039620874903277,69744,,,True,
case_011_1,11,concrete block,1,major,101.9,major_axis_mm,100.69656518214974,101.46177218386238,101.28356090221261,1.2034348178502654,0.4382278161376263,0.6164390977873921,1.1809958958295048,0.43005673811347034,0.6049451401250168,True,True,True,,,,workspace/outputs/final_path_results_v1_capture_session_20260704_222852/gsam2_masks/cases/case_011_1/selected_mask.png,manual_anchor_selection,manual_anchor_selection,503.9082439283285,350.9083007346209,0.05759661599930248,0.998339937008146,190552,0.9746538628472222,0.5932834201388889,True,
case_011_1,11,concrete block,1,minor,169.0,minor_axis_mm,168.65052023355327,171.99531919045455,168.83775812241703,0.3494797664467342,2.995319190454552,0.16224187758297148,0.2067927612110853,1.7723782192038768,0.09600111099584112,True,True,True,,,,workspace/outputs/final_path_results_v1_capture_session_20260704_222852/gsam2_masks/cases/case_011_1/selected_mask.png,manual_anchor_selection,manual_anchor_selection,512.4229317008974,350.91789946713095,-0.998339937008146,0.057596615999302415,190552,0.9746538628472222,0.5932834201388889,True,
case_012_2,12,concrete block,2,major,77.0,major_axis_mm,76.69895871359338,77.47127091100674,78.30396258162514,0.3010412864066154,0.4712709110067408,1.303962581625143,0.39096270961898105,0.6120401441645984,1.6934578982144715,True,True,True,,,,workspace/outputs/final_path_results_v1_capture_session_20260704_222852/gsam2_masks/cases/case_012_2/selected_mask.png,manual_anchor_selection,manual_anchor_selection,149.96461096648,250.33586846920696,0.0068491602161274475,0.9999765442270803,90419,,,True,
case_012_2,12,concrete block,2,minor,279.5,minor_axis_mm,278.1905095613932,279.92837170391607,279.9740251190162,1.3094904386068151,0.4283717039160706,0.4740251190161757,0.468511784832492,0.1532635792186299,0.1695975381095441,True,True,True,,,,workspace/outputs/final_path_results_v1_capture_session_20260704_222852/gsam2_masks/cases/case_012_2/selected_mask.png,manual_anchor_selection,manual_anchor_selection,334.8635746978948,249.06943613766538,-0.9999765442270803,0.006849160216127396,90419,,,True,
case_013_3,13,concrete block,3,major,76.2,major_axis_mm,75.69558090596011,77.56271073218797,76.6440715378384,0.5044190940398892,1.3627107321879635,0.44407153783839703,0.6619673150129779,1.7883342942099256,0.5827710470320171,True,True,True,,,,workspace/outputs/final_path_results_v1_capture_session_20260704_222852/gsam2_masks/cases/case_013_3/selected_mask.png,manual_anchor_selection,manual_anchor_selection,556.095703125,379.70654296875,0.2052714121242181,0.9787050870229139,85449,0.9834418402777778,0.5830197482638889,True,
case_013_3,13,concrete block,3,minor,118.7,minor_axis_mm,122.11451176358773,120.24248886529004,121.09683582710953,3.4145117635877256,1.5424888652900393,2.396835827109527,2.876589522820325,1.2994851434625436,2.0192382705219267,True,True,True,,,,workspace/outputs/final_path_results_v1_capture_session_20260704_222852/gsam2_masks/cases/case_013_3/selected_mask.png,manual_anchor_selection,manual_anchor_selection,552.6702353204198,380.42499291118475,-0.9787050870229139,0.2052714121242178,85449,0.9834418402777778,0.5830197482638889,True,
case_014_4,14,concrete block,4,major,76.5,major_axis_mm,76.1715162790941,77.96303907879299,76.94598387822194,0.3284837209058935,1.4630390787929883,0.44598387822193786,0.42939048484430525,1.912469384043122,0.5829854617280233,True,True,True,,,,workspace/outputs/final_path_results_v1_capture_session_20260704_222852/gsam2_masks/cases/case_014_4/selected_mask.png,manual_anchor_selection,manual_anchor_selection,559.388876091001,340.9120413187591,0.15398542785479147,0.9880731187560853,205270,0.9739344618055555,0.591123046875,True,
case_014_4,14,concrete block,4,minor,285.0,minor_axis_mm,286.0865560836458,286.77676992173707,286.12427450718155,1.086556083645803,1.7767699217370705,1.1242745071815534,0.3812477486476502,0.6234280427147616,0.3944822832215977,True,True,True,,,,workspace/outputs/final_path_results_v1_capture_session_20260704_222852/gsam2_masks/cases/case_014_4/selected_mask.png,manual_anchor_selection,manual_anchor_selection,559.6519345085968,339.35293892669756,-0.9880731187560853,0.15398542785479113,205270,0.9739344618055555,0.591123046875,True,
case_015_5,15,concrete block,5,major,55.0,major_axis_mm,58.990287186459014,57.9083323344192,57.371249334141496,3.990287186459014,2.9083323344191996,2.3712493341414955,7.255067611743661,5.287876971671272,4.31136242571181,True,True,True,,,,workspace/outputs/final_path_results_v1_capture_session_20260704_222852/gsam2_masks/cases/case_015_5/selected_mask.png,manual_anchor_selection,manual_anchor_selection,471.3981898490671,318.9630885700689,0.9851275607171563,-0.17182458821561447,36754,0.9734505208333334,0.9591471354166666,True,
case_015_5,15,concrete block,5,minor,156.5,minor_axis_mm,157.11908975512435,159.4830401795951,159.56053584768063,0.6190897551243495,2.9830401795950934,3.060535847680626,0.395584508066677,1.9060959614026156,1.9556139601793137,True,True,True,,,,workspace/outputs/final_path_results_v1_capture_session_20260704_222852/gsam2_masks/cases/case_015_5/selected_mask.png,manual_anchor_selection,manual_anchor_selection,453.3736625382484,221.44236236434296,0.17182458821561447,0.9851275607171565,36754,0.9734505208333334,0.9591471354166666,True,
