case_id,case_index,material,object_id,path_label,manual_mm,selected_anchor_id,selection_source,p0_x,p0_y,direction_x,direction_y,endpoint1_x,endpoint1_y,endpoint2_x,endpoint2_y,mask_path_length_px,mask_path_length_mm,mask_abs_error_mm,mask_signed_error_mm,mask_pct_error,strip_depth_path_length_mm,strip_depth_valid,strip_depth_failure_reason,strip_depth_num_supported_points,strip_depth_valid_depth_fraction,strip_depth_abs_error_mm,strip_depth_signed_error_mm,strip_depth_pct_error,depth_endpoint_mode,depth_lower_quantile,depth_upper_quantile,depth_support_projected_lower,depth_support_projected_upper,depth_support_projected_span_mm,best_method_for_this_path_by_abs_error,notes
case_001_1,1,timber,1,major,38.0,A2,candidate_id,665.2522583007812,355.64739990234375,0.007967863448875918,0.9999682560721916,664.8140258110931,300.6491458183732,665.6904907904694,410.6456539863143,110.00000000000003,37.529448375072135,0.4705516249278645,-0.4705516249278645,1.2382937498101698,36.421765257548465,True,,9122,0.9371833839918946,1.578234742451535,-1.578234742451535,4.153249322240882,percentile,0.0025,0.9975,-17.478591183074975,18.921353345019853,36.39994452809483,mask,Whole-ROI depth was not used in this main selected-anchor comparison.
case_001_1,1,timber,1,minor,156.5,A5,candidate_id,665.2522583007812,355.64739990234375,-0.9999682560721916,0.007967863448875635,894.2449889413131,353.82275917255123,436.2595276602494,357.47204063213627,457.99999999999994,156.2788865052258,0.22111349477418685,-0.22111349477418685,0.14128657813047082,158.3840585258702,True,,38944,0.972713717693837,1.8840585258701879,1.8840585258701879,1.2038712625368613,percentile,0.0025,0.9975,-80.67412588515077,77.73240399978887,158.40652988493963,mask,Whole-ROI depth was not used in this main selected-anchor comparison.
case_002_2,2,timber,2,major,37.5,A2,candidate_id,477.7121858351966,201.8595938896106,0.9994449125807263,-0.03331466218505658,425.24132792470846,203.60861365432606,530.1830437456847,200.11057412489512,104.99999999999999,50.458898267252806,12.958898267252806,12.958898267252806,34.55706204600749,39.42274882752163,True,,6931,0.7628571428571429,1.9227488275216302,1.9227488275216302,5.127330206724348,percentile,0.0025,0.9975,-12.667449234297697,26.624681328683756,39.292130562981455,strip_depth,Whole-ROI depth was not used in this main selected-anchor comparison.
case_002_2,2,timber,2,minor,75.1,A6,candidate_id,511.4464284970845,200.73512481262307,0.033314662185056146,0.9994449125807263,508.8478848466502,122.77842163132642,514.0449721475189,278.69182799391973,156.00000000000003,74.95797984057096,0.14202015942903756,-0.14202015942903756,0.18910806848074244,73.9795472439957,True,,12697,0.9645285249778304,1.1204527560042976,-1.1204527560042976,1.4919477443466014,percentile,0.0025,0.9975,-36.13652410552299,38.13013326609893,74.26665737162192,mask,Whole-ROI depth was not used in this main selected-anchor comparison.
case_003_3,3,timber,3,major,37.5,A3,candidate_id,609.1266127752841,355.31026497670365,0.3125986210227167,0.9498853099899461,592.089987929546,303.5415155822516,626.1632376210222,407.0790143711557,109.00000000000003,37.06915647181973,0.4308435281802687,-0.4308435281802687,1.1489160751473833,37.82268579611199,True,,9332,0.9340406365729156,0.32268579611199044,0.32268579611199044,0.8604954562986412,percentile,0.0025,0.9975,-18.2021228113762,19.549497353618634,37.75162016499484,strip_depth,Whole-ROI depth was not used in this main selected-anchor comparison.
case_003_3,3,timber,3,minor,271.5,A7,candidate_id,608.65771484375,353.88543701171875,-0.9498853099899461,0.31259862102271674,989.5617241497184,228.53338998160933,227.75370553778163,479.23748404182817,802.0000000000001,272.77533610719104,1.2753361071910376,1.2753361071910376,0.4697370560556308,274.6080137864436,True,,68150,0.9804041206686154,3.108013786443621,3.108013786443621,1.1447564590952564,percentile,0.0025,0.9975,-138.06391181310948,136.81959759425234,274.8835094073618,mask,Whole-ROI depth was not used in this main selected-anchor comparison.
case_004_4,4,timber,4,major,37.5,A3,candidate_id,711.9904505165479,358.88754685206845,-0.2576626787081156,0.9662349320951703,728.8673559719294,295.59915879983475,695.1135450611663,422.1759349043021,131.00000000000003,37.508921833311234,0.008921833311234195,0.008921833311234195,0.02379155549662452,38.38374816897481,True,,10310,0.8130246412131059,0.8837481689748117,0.8837481689748117,2.356661783932831,percentile,0.0025,0.9975,-16.86170723510932,21.522040933865487,38.38374816897481,mask,Whole-ROI depth was not used in this main selected-anchor comparison.
case_004_4,4,timber,4,minor,229.0,A5,candidate_id,638.6201355548787,300.7400653629104,-0.9662349320951704,-0.2576626787081153,1029.4621655873752,404.96461890034305,247.7781055223823,196.51551182547774,809.0000000000001,231.66466634544798,2.6646663454479835,2.6646663454479835,1.1636097578375475,230.07236589606958,True,,58992,0.8446141467752636,1.0723658960695843,1.0723658960695843,0.468282050685408,percentile,0.0025,0.9975,-117.43257324954546,112.52432406224291,229.95689731178837,strip_depth,Whole-ROI depth was not used in this main selected-anchor comparison.
case_005_5,5,timber,5,major,78.8,A1,candidate_id,246.99626711336512,356.6540723346932,0.057596528638050815,0.9983399420482215,240.71824549181758,247.83501865143705,253.27428873491266,465.4731260179493,217.99999999999997,88.96490521844628,10.164905218446279,10.164905218446279,12.899625911733857,79.00655903675305,True,,18369,0.9867532467532467,0.20655903675304899,0.20655903675304899,0.2621307573008236,percentile,0.0025,0.9975,-39.62420051975373,39.33757624604973,78.96177676580346,strip_depth,Whole-ROI depth was not used in this main selected-anchor comparison.
case_005_5,5,timber,5,minor,264.0,A8,candidate_id,483.4919357837732,413.1639254592513,-0.9983399420482215,0.05759652863805074,841.8959749790847,392.4867716781911,125.08789658846172,433.8410792403115,718.0,293.0499456936867,29.04994569368671,29.04994569368671,11.003767308214663,264.7806586368189,True,,55792,0.8955548893061714,0.7806586368188846,0.7806586368188846,0.29570402909806237,percentile,0.0025,0.9975,-135.27298930807157,129.31486367683908,264.5878529849107,strip_depth,Whole-ROI depth was not used in this main selected-anchor comparison.
case_006_1,6,brick,1,major,88.0,A2,candidate_id,516.1251831054688,291.49383544921875,0.028412304996645904,0.9995962889710914,512.5168203708947,164.54510674989015,519.7335458400428,418.4425641485474,254.00000000000003,87.49485437961063,0.5051456203893707,-0.5051456203893707,0.5740291140788304,87.09714966023361,True,,21366,0.9852901845413212,0.9028503397663883,-0.9028503397663883,1.0259662951890776,percentile,0.0025,0.9975,-43.388562108312044,43.62123529800848,87.00979740632053,mask,Whole-ROI depth was not used in this main selected-anchor comparison.
case_006_1,6,brick,1,minor,180.0,A5,candidate_id,517.1247793944399,291.4654231442221,-0.9995962889710914,0.028412304996645852,775.0206219489814,284.1350484550875,259.22893683989827,298.79579783335674,516.0,177.7680668611875,2.231933138812508,-2.231933138812508,1.2399628548958377,178.44276109609294,True,,43901,0.975055090348171,1.5572389039070629,-1.5572389039070629,0.8651327243928127,percentile,0.0025,0.9975,-91.07962453911006,87.38855785790973,178.46818239701977,strip_depth,Whole-ROI depth was not used in this main selected-anchor comparison.
case_007_2,7,brick,2,major,59.2,A2,candidate_id,480.88912714638195,286.0840215981291,0.9968617213144687,-0.0791625452973489,405.6260671871396,292.06079376807895,556.1521871056243,280.1072494281793,150.99999999999994,68.3399991703643,9.139999170364291,9.139999170364291,15.439187787777518,59.595598950042444,True,,11081,0.8310162813173742,0.39559895004244083,0.39559895004244083,0.6682414696662852,percentile,0.0025,0.9975,-24.215210438623274,35.46679349280169,59.682003931424966,strip_depth,Whole-ROI depth was not used in this main selected-anchor comparison.
case_007_2,7,brick,2,minor,208.0,A7,candidate_id,525.2798986828601,233.4276535280165,0.07916254529734888,0.9968617213144686,507.34958217301056,7.638473650289342,543.2102151927096,459.2168334057436,453.0,204.99421479569736,3.00578520430264,-3.00578520430264,1.4450890405301153,204.4911909682038,True,,37984,0.9885237218452846,3.508809031796204,-3.508809031796204,1.6869274191327905,percentile,0.0025,0.9975,-100.1170827910484,104.24881923441335,204.36590202546174,mask,Whole-ROI depth was not used in this main selected-anchor comparison.
case_008_3,8,brick,3,major,58.5,A3,candidate_id,438.99624187843375,324.1658574078034,0.23656723387684012,-0.9716151212573116,416.64063827707236,415.98348636661933,461.35184547979514,232.3482284489874,189.00000000000003,57.84798131528234,0.6520186847176603,-0.6520186847176603,1.1145618542182227,58.44557865147489,True,,16231,0.9822198594128418,0.0544213485251106,-0.0544213485251106,0.09302794619677027,percentile,0.0025,0.9975,-29.980940440447824,28.690883142509396,58.671823582957224,strip_depth,Whole-ROI depth was not used in this main selected-anchor comparison.
case_008_3,8,brick,3,minor,210.0,A6,candidate_id,509.9211102950037,340.9199193591259,0.9716151212573116,0.23656723387684034,182.001006870661,261.0784779256923,837.8412137193463,420.7613607925595,675.0,206.62331456031959,3.376685439680415,-3.376685439680415,1.6079454474668642,207.41015504619222,True,,57426,0.9764089783959452,2.589844953807784,-2.589844953807784,1.2332595018132306,percentile,0.0025,0.9975,-101.21921757536214,106.29045245649479,207.50967003185693,strip_depth,Whole-ROI depth was not used in this main selected-anchor comparison.
case_009_4,9,brick,4,major,98.9,A1,candidate_id,785.3937104185394,393.7008644764254,0.05003357904363516,-0.9987475361511959,778.4890765105177,531.5280244652904,792.298344326561,255.87370448756036,276.0,95.9815117871483,2.918488212851699,-2.918488212851699,2.950948647979473,96.19394901821842,True,,23276,0.98486328125,2.706050981781587,-2.706050981781587,2.7361486165637885,percentile,0.0025,0.9975,-49.26689135432269,47.01973449013559,96.28662584445829,strip_depth,Whole-ROI depth was not used in this main selected-anchor comparison.
case_009_4,9,brick,4,minor,205.0,A7,candidate_id,599.833424229531,294.45907051767927,0.9987475361511959,0.050033579043635264,304.20415352877706,279.64913112076323,895.462694930285,309.2690099145953,592.0,205.8994919893247,0.8994919893247015,0.8994919893247015,0.438776580158391,205.40876998225144,True,,50298,0.9778812124942299,0.40876998225144234,0.40876998225144234,0.199399991342167,percentile,0.0025,0.9975,-100.96857880087937,104.46619653251919,205.43477533339853,strip_depth,Whole-ROI depth was not used in this main selected-anchor comparison.
case_010_5,10,brick,5,major,65.3,A3,candidate_id,276.45721515908,206.33217785251128,0.2003962087490328,-0.9797149378870438,262.02868812914966,276.87165338037846,290.8857421890104,135.79270232464413,144.00000000000003,63.50528509082145,1.7947149091785448,-1.7947149091785448,2.7484148685735756,64.91234170736787,True,,12422,0.9795491517545898,0.3876582926321248,-0.3876582926321248,0.5936574159756889,percentile,0.0025,0.9975,-32.49091314924235,32.15901588373947,64.64992903298182,strip_depth,Whole-ROI depth was not used in this main selected-anchor comparison.
case_010_5,10,brick,5,minor,215.0,A6,candidate_id,327.2392272949219,216.7194061279297,0.9797149378870438,0.20039620874903277,91.12792726414429,168.4239198194128,563.3505273256994,265.0148924364466,482.0,212.59120124732198,2.408798752678024,-2.408798752678024,1.1203715128734995,213.75634088019729,True,,40160,0.9605995817963959,1.2436591198027145,-1.2436591198027145,0.5784461022338206,percentile,0.0025,0.9975,-106.01387325810337,107.72561400022367,213.73948725832705,strip_depth,Whole-ROI depth was not used in this main selected-anchor comparison.
case_011_1,11,concrete block,1,major,101.9,A2,candidate_id,503.9082439283285,350.9083007346209,0.05759661599930248,0.998339937008146,494.2608107484453,183.68636128575648,513.5556771082116,518.1302401834854,335.00000000000006,100.69656518214974,1.2034348178502654,-1.2034348178502654,1.1809958958295048,101.28356090221261,True,,28438,0.9781415277498828,0.6164390977873921,-0.6164390977873921,0.6049451401250168,percentile,0.0025,0.9975,-50.11460071362551,51.07754887143589,101.1921495850614,strip_depth,Whole-ROI depth was not used in this main selected-anchor comparison.
case_011_1,11,concrete block,1,minor,169.0,A5,candidate_id,512.4229317008974,350.91789946713095,-0.998339937008146,0.057596615999302415,792.4572840316823,334.7620486793266,232.38857937011238,367.07375025493525,561.0,168.65052023355327,0.3494797664467342,-0.3494797664467342,0.2067927612110853,168.83775812241703,True,,47814,0.9546846295162278,0.16224187758297148,-0.16224187758297148,0.09600111099584112,percentile,0.0025,0.9975,-85.82301239995253,82.94870776808239,168.77172016803493,strip_depth,Whole-ROI depth was not used in this main selected-anchor comparison.
case_012_2,12,concrete block,2,major,77.0,A1,candidate_id,149.96461096648,250.33586846920696,0.0068491602161274475,0.9999765442270803,149.42352730940593,171.3377214752676,150.50569462355406,329.33401546314633,158.00000000000003,76.69895871359338,0.3010412864066154,-0.3010412864066154,0.39096270961898105,78.30396258162514,True,,13534,0.9862418021100656,1.303962581625143,1.303962581625143,1.6934578982144715,percentile,0.0025,0.9975,-38.55851744615395,39.72532331207833,78.28384075823227,mask,Whole-ROI depth was not used in this main selected-anchor comparison.
case_012_2,12,concrete block,2,minor,279.5,A7,candidate_id,334.8635746978948,249.06943613766538,-0.9999765442270803,0.006849160216127396,621.3568546189533,247.10715173574488,48.37029477683626,251.03172053958588,573.0,278.1905095613932,1.3094904386068151,-1.3094904386068151,0.468511784832492,279.9740251190162,True,,44531,0.8980773042616452,0.4740251190161757,0.4740251190161757,0.1695975381095441,percentile,0.0025,0.9975,-140.80760206190843,139.2911872570443,280.0987893189527,strip_depth,Whole-ROI depth was not used in this main selected-anchor comparison.
case_013_3,13,concrete block,3,major,76.2,A2,candidate_id,556.095703125,379.70654296875,0.2052714121242181,0.9787050870229139,532.4894907307149,267.1554579611149,579.7019155192851,492.2576279763851,230.0,75.69558090596011,0.5044190940398892,-0.5044190940398892,0.6619673150129779,76.6440715378384,True,,19731,0.9658801644801254,0.44407153783839703,0.44407153783839703,0.5827710470320171,percentile,0.0025,0.9975,-37.77056532081786,38.869096366648165,76.63966168746603,strip_depth,Whole-ROI depth was not used in this main selected-anchor comparison.
case_013_3,13,concrete block,3,minor,118.7,A5,candidate_id,552.6702353204198,380.42499291118475,-0.9787050870229139,0.2052714121242178,734.2200289631703,342.34714596214235,371.1204416776693,418.50283986022714,370.99999999999994,122.11451176358773,3.4145117635877256,3.4145117635877256,2.876589522820325,121.09683582710953,True,,31051,0.9658789522305331,2.396835827109527,2.396835827109527,2.0192382705219267,percentile,0.0025,0.9975,-60.35597643554188,60.886333690547524,121.24231012608941,strip_depth,Whole-ROI depth was not used in this main selected-anchor comparison.
case_014_4,14,concrete block,4,major,76.5,A3,candidate_id,559.388876091001,340.9120413187591,0.15398542785479147,0.9880731187560853,541.4495737459177,225.8015229836752,577.3281784360842,456.0225596538431,233.00000000000003,76.1715162790941,0.3284837209058935,-0.3284837209058935,0.42939048484430525,76.94598387822194,True,,16758,0.8160864345738296,0.44598387822193786,0.44598387822193786,0.5829854617280233,percentile,0.0025,0.9975,-37.839604951359256,39.07377631784793,76.91338126920719,mask,Whole-ROI depth was not used in this main selected-anchor comparison.
case_014_4,14,concrete block,4,minor,285.0,A7,candidate_id,559.6519345085968,339.35293892669756,-0.9880731187560853,0.15398542785479113,991.9339239643841,271.98431424022647,127.3699450528095,406.7215636131687,875.0000000000001,286.0865560836458,1.086556083645803,1.086556083645803,0.3812477486476502,286.12427450718155,True,,66429,0.880484036406601,1.1242745071815534,1.1242745071815534,0.3944822832215977,percentile,0.0025,0.9975,-144.2882181515963,141.780589785859,286.0688079374553,mask,Whole-ROI depth was not used in this main selected-anchor comparison.
case_015_5,15,concrete block,5,major,55.0,A1,candidate_id,471.3981898490671,318.9630885700689,0.9851275607171563,-0.17182458821561447,414.260791327472,328.92891468657456,528.5355883706621,308.9972624535633,115.99999999999999,58.990287186459014,3.990287186459014,3.990287186459014,7.255067611743661,57.371249334141496,True,,9349,0.8733516483516484,2.3712493341414955,2.3712493341414955,4.31136242571181,percentile,0.0025,0.9975,-25.420286612314282,32.01192447244544,57.43221108475972,strip_depth,Whole-ROI depth was not used in this main selected-anchor comparison.
case_015_5,15,concrete block,5,minor,156.5,A5,candidate_id,453.3736625382484,221.44236236434296,0.17182458821561447,0.9851275607171565,426.826763658936,69.24015423354228,479.92056141756086,373.6445704951436,309.0,157.11908975512435,0.6190897551243495,0.6190897551243495,0.395584508066677,159.56053584768063,True,,25734,0.950598309364365,3.060535847680626,3.060535847680626,1.9556139601793137,percentile,0.0025,0.9975,-79.14461428448098,80.41592156319965,159.56053584768063,mask,Whole-ROI depth was not used in this main selected-anchor comparison.
